,BoxOffice,Irank,MovieName,boxPer,movieDay,sumBoxOffice,time
10,222.14,11,其它,1.00,0,0.00,2019-01-22 16:01:34
7,102.44,8,钢铁飞龙之奥特曼崛起,2.83,5,1619.97,2019-01-22 16:01:34
6,117.94,7,我想吃掉你的胰脏,3.25,5,1650.58,2019-01-22 16:01:34
1,795.35,2,白蛇：缘起,21.94,12,18959.14,2019-01-22 16:01:34
9,55.50,10,海王,1.53,47,199991.71,2019-01-22 16:01:34
5,129.69,6,一条狗的回家路,3.58,5,2386.18,2019-01-22 16:01:34
3,455.99,4,“大”人物,12.58,13,28641.12,2019-01-22 16:01:34
4,205.36,5,掠食城市,5.66,5,3453.96,2019-01-22 16:01:34
8,74.82,9,来电狂响,2.06,26,63149.37,2019-01-22 16:01:34
2,522.53,3,密室逃生,14.41,5,7589.83,2019-01-22 16:01:34
0,943.68,1,大黄蜂,26.03,19,96655.06,2019-01-22 16:01:34
